{"cameraMode":{"drawMode":0,"name":"Shaded","section":"Shading Mode"},"sceneLighting":false,"audioPlay":false,"sceneViewState":{"showFog":true,"showMaterialUpdate":true,"showSkybox":false,"showFlares":true,"showImageEffects":true,"showParticleSystems":true},"in2DMode":false,"pivot":{"x":0.2735235393047333,"y":0.03855025768280029,"z":-1.5629899501800538},"rotation":{"x":-0.0006038513965904713,"y":0.9895970821380615,"z":-0.14380809664726258,"w":-0.004155362956225872},"size":2.366028308868408,"orthographic":false}